# código|Nome|artigo (o a os as ou vazio)|raízes para o leitor de dicas (;)|nome curto na faixa da figurinha
BRA|Brasil|o|brasil;brasileir|
ARG|Argentina|a|argentin|
POR|Portugal||portug|
FRA|França|a|franc|
NED|Holanda|a|holand;neerland|
GER|Alemanha|a|alema;germ;prussi|
BUL|Bulgária|a|bulgar;trac|
ITA|Itália|a|itali;romano|
ENG|Inglaterra|a|ingl;britani|
SCO|Escócia|a|escoc|
IRL|Irlanda|a|irland|
ESP|Espanha|a|espanh|
POL|Polônia|a|polon|
RUS|Rússia|a|russ;sovieti|
HUN|Hungria|a|hungar|
CZE|Tchéquia|a|tchec;checo;boemi|
AUT|Áustria|a|austr|
CHE|Suíça|a|suic|
DEN|Dinamarca|a|dinamarq|
NOR|Noruega|a|norueg;viking|
SRB|Sérvia|a|serv|
MKD|Macedônia do Norte|a|macedon|Maced. Norte
GRC|Grécia|a|greg;grec|
TUR|Turquia|a|turc;otoman|
IRN|Irã|o|iran;persa;persi|
IRQ|Iraque|o|iraqu;mesopot|
ISR|Israel||israel|
EGY|Egito|o|egipc;egito|
TUN|Tunísia|a|tunis|
MAR|Marrocos|o|marroq|
MLI|Mali|o|malin|
ETH|Etiópia|a|etiop|
AGO|Angola||angol|
ZAF|África do Sul|a|sul-africa|África do Sul
IND|Índia|a|indian;india|
NPL|Nepal|o|nepal|
CHN|China|a|chin|
MNG|Mongólia|a|mongol|
JPN|Japão|o|japon;japao|
VNM|Vietnã|o|vietnam|
UZB|Uzbequistão|o|uzbek|Uzbequistão
USA|Estados Unidos|os|american;estadunid;estados unidos|EUA
MEX|México|o|mexic|
CUB|Cuba||cuban|
HAI|Haiti|o|haiti|
VEN|Venezuela|a|venezuel|
COL|Colômbia|a|colomb|
PER|Peru|o|peru|
CHI|Chile|o|chilen|
URU|Uruguai|o|urugua|
PAR|Paraguai|o|paragua|
BEL|Bélgica|a|belg|
CRO|Croácia|a|croat|
UKR|Ucrânia|a|ucran|
