# id|Nome|início|fim
guerras_persas|Guerras Greco-Persas|-499|-449
peloponeso|Guerra do Peloponeso|-431|-404
conquistas_alexandre|Conquistas de Alexandre|-336|-323
guerras_punicas|Guerras Púnicas|-264|-146
fim_republica|Queda da República Romana|-133|-27
cruzadas|Cruzadas|1096|1291
guerra_cem_anos|Guerra dos Cem Anos|1337|1453
renascimento|Renascimento|1300|1600
grandes_navegacoes|Grandes Navegações|1415|1600
reforma|Reforma Protestante|1517|1648
revolucao_cientifica|Revolução Científica|1543|1687
iluminismo|Iluminismo|1685|1815
independencia_eua|Independência dos EUA|1775|1783
revolucao_francesa|Revolução Francesa|1789|1799
guerras_napoleonicas|Guerras Napoleônicas|1803|1815
independencias_latam|Independências da América Latina|1808|1826
unificacao_italia|Unificação da Itália|1848|1871
guerra_secessao|Guerra de Secessão|1861|1865
abolicao_br|Abolição no Brasil|1850|1888
primeira_guerra|Primeira Guerra Mundial|1914|1918
revolucao_russa|Revolução Russa|1917|1923
segunda_guerra|Segunda Guerra Mundial|1939|1945
guerra_fria|Guerra Fria|1947|1991
descolonizacao|Descolonização|1945|1975
direitos_civis|Direitos Civis nos EUA|1954|1968
corrida_espacial|Corrida Espacial|1957|1975
